{"cameraMode":{"drawMode":0,"name":"Shaded","section":"Shading Mode"},"sceneLighting":true,"audioPlay":false,"sceneViewState":{"showFog":true,"showMaterialUpdate":false,"showSkybox":true,"showFlares":true,"showImageEffects":true,"showParticleSystems":true},"in2DMode":false,"pivot":{"x":-3.0783653259277345,"y":0.585330069065094,"z":-2.1578335762023927},"rotation":{"x":0.09567086398601532,"y":-0.8118375539779663,"z":0.13893663883209229,"w":0.5589843392372131},"size":23.932600021362306,"orthographic":false}